census2010,census2018,soc2018,n_soc_targets
0010,0010,11-1011,1
0020,0020,11-1021,1
0030,0030,11-1031,1
0040,0040,11-2011,1
0050,0051 0052,11-2021 11-2022,2
0060,0060,11-2032 11-2033,2
0100,0101 0102,11-3012 11-3013,2
0110,0110,11-3021,1
0120,0120,11-3031,1
0135,0135,11-3111,1
0136,0136,11-3121,1
0137,0137,11-3131,1
0140,0140,11-3051,1
0150,0150,11-3061,1
0160,0160,11-3071,1
0205,0205,11-9013,1
0220,0220,11-9021,1
0230,0230,11-9031 11-9032 11-9033 11-9039,4
0300,0300,11-9041,1
0310,0310,11-9051,1
0325,0325,11-9171,1
0330,0335,11-9071 11-9072,2
0340,0340,11-9081,1
0350,0350,11-9111,1
0360,0360,11-9121,1
0400,0400,11-9131,1
0410,0410,11-9141,1
0420,0420,11-9151,1
0425,0425,11-9161,1
0430,0335 0426 0440 0705,11-9071 11-9072 11-9179 11-9199 13-1082,5
0500,0500,13-1011,1
0510,0510,13-1021,1
0520,0520,13-1022,1
0530,0530,13-1023,1
0540,0540,13-1031 13-1032,2
0565,0565,13-1041,1
0600,0600,13-1051,1
0630,0630,13-1071 13-1074 13-1075,3
0640,0640,13-1141,1
0650,0650,13-1151,1
0700,0700,13-1081,1
0710,0710,13-1111,1
0725,0725,13-1121,1
0726,0726,13-1131,1
0735,0735,13-1161,1
0740,0705 0750,13-1082 13-1199,2
0800,0800,13-2011,1
0810,0810,13-2022 13-2023,2
0820,0820,13-2031,1
0830,0830,13-2041,1
0840,0845 0960,13-2051 13-2054 13-2099,3
0850,0850,13-2052,1
0860,0860,13-2053,1
0900,0900,13-2061,1
0910,0910,13-2071 13-2072,2
0930,0930,13-2081,1
0940,0940,13-2082,1
0950,0960,13-2054 13-2099,2
1005,1005,15-1221,1
1006,1006,15-1211,1
1007,1007,15-1212,1
1010,1010,15-1251,1
1020,1021 1022,15-1252 15-1253,2
1030,1031 1032,15-1254 15-1255,2
1050,1050,15-1231 15-1232,2
1060,1065,15-1242 15-1243,2
1105,1105,15-1244,1
1106,1106,15-1241,1
1107,0705 1022 1032 1065 1108,13-1082 15-1242 15-1243 15-1253 15-1255 15-1299,6
1200,1200,15-2011,1
1210,1210,15-2021,1
1220,1220,15-2031,1
1230,1230,15-2041,1
1240,1240,15-2051 15-2099,2
1300,1305 1306,17-1011 17-1012,2
1310,1310,17-1021 17-1022,2
1320,1320,17-2011,1
1330,1330,17-2021,1
1340,1340,17-2031,1
1350,1350,17-2041,1
1360,1360,17-2051,1
1400,1400,17-2061,1
1410,1410,17-2071 17-2072,2
1420,1420,17-2081,1
1430,1430,17-2111 17-2112,2
1440,1440,17-2121,1
1450,1450,17-2131,1
1460,1460,17-2141,1
1500,1500,17-2151,1
1510,1510,17-2161,1
1520,1520,17-2171,1
1530,1530,17-2199,1
1540,1541 1545,17-3011 17-3012 17-3013 17-3019,4
1550,1551 1555,17-3021 17-3022 17-3023 17-3024 17-3025 17-3026 17-3027 17-3028 17-3029,9
1560,1560,17-3031,1
1600,1600,19-1011 19-1012 19-1013,3
1610,1610,19-1021 19-1022 19-1023 19-1029,4
1640,1640,19-1031 19-1032,2
1650,1650,19-1041 19-1042,2
1660,1660,19-1099,1
1700,1700,19-2011 19-2012,2
1710,1710,19-2021,1
1720,1720,19-2031 19-2032,2
1740,1745 1750,19-2041 19-2042 19-2043,3
1760,1760,19-2099,1
1800,1800,19-3011,1
1815,1815,19-3022,1
1820,1821 1822 1825,19-3032 19-3033 19-3034 19-3039,4
1830,1830,19-3041,1
1840,1840,19-3051,1
1860,1860,19-3091 19-3092 19-3093 19-3094 19-3099,5
1900,1900,19-4012 19-4013,2
1910,1910,19-4021,1
1920,1920,19-4031,1
1930,1935,19-4042 19-4043 19-4044,3
1940,1940,19-4051,1
1950,1950,19-4061,1
1965,1935 1970,19-4042 19-4043 19-4044 19-4071 19-4092 19-4099,6
2000,2001 2002 2003 2004 2005 2006,21-1011 21-1012 21-1013 21-1014 21-1015 21-1019,6
2010,2011 2012 2013 2014,21-1021 21-1022 21-1023 21-1029,4
2015,2015,21-1092,1
2016,2016,21-1093,1
2025,2025,21-1091 21-1094 21-1099,3
2040,2040,21-2011,1
2050,2050,21-2021,1
2060,2060,21-2099,1
2100,2100,23-1011,1
2105,2105,23-1012,1
2110,2110,23-1021 23-1022 23-1023,3
2145,2145,23-2011,1
2160,2170 2180 2862,23-2093 23-2099 27-3092,3
2200,2205 2545,25-1011 25-1021 25-1022 25-1031 25-1032 25-1041 25-1042 25-1043 25-1051 25-1052 25-1053 25-1054 25-1061 25-1062 25-1063 25-1064 25-1065 25-1066 25-1067 25-1069 25-1071 25-1072 25-1081 25-1082 25-1111 25-1112 25-1113 25-1121 25-1122 25-1123 25-1124 25-1125 25-1126 25-1192 25-1193 25-1194 25-1199 25-9042 25-9043 25-9044 25-9049,41
2300,2300,25-2011 25-2012,2
2310,2310,25-2021 25-2022 25-2023,3
2320,2320,25-2031 25-2032,2
2330,2330,25-2051 25-2055 25-2056 25-2057 25-2058 25-2059,6
2340,2350 2360,25-3011 25-3021 25-3031 25-3041 25-3099,5
2400,2400,25-4011 25-4012 25-4013,3
2430,2435,25-4022,1
2440,2440,25-4031,1
2540,2545,25-9042 25-9043 25-9044 25-9049,4
2550,2435 2555,25-4022 25-9021 25-9031 25-9099,4
2600,2600,27-1011 27-1012 27-1013 27-1014 27-1019,5
2630,2631 2632 2633 2634 2635 2636 2640,27-1021 27-1022 27-1023 27-1024 27-1025 27-1026 27-1027 27-1029,8
2700,2700,27-2011,1
2710,2710,27-2012,1
2720,2721 2722 2723,27-2021 27-2022 27-2023,3
2740,2740,27-2031 27-2032,2
2750,2751 2752,27-2041 27-2042,2
2760,2755 2770,27-2091 27-2099,2
2800,2805 2865,27-3011 27-3099,2
2810,2810,27-3023,1
2825,2825,27-3031,1
2830,2830,27-3041,1
2840,2840,27-3042,1
2850,2850,27-3043,1
2860,2861 2865,27-3091 27-3099,2
2900,2905 5040,27-4011 27-4012 27-4014 27-4015 43-2099,5
2910,2910,27-4021,1
2920,2920,27-4031 27-4032,2
2960,2905 2970,27-4011 27-4012 27-4014 27-4015 27-4099,5
3000,3000,29-1011,1
3010,3010,29-1021 29-1022 29-1023 29-1024 29-1029,5
3030,3030,29-1031,1
3040,3040,29-1041,1
3050,3050,29-1051,1
3060,3065 3070 3090 3100,29-1211 29-1212 29-1213 29-1214 29-1215 29-1216 29-1217 29-1218 29-1221 29-1222 29-1223 29-1224 29-1229 29-1241 29-1242 29-1243 29-1249,17
3110,3110,29-1071,1
3120,3120,29-1081,1
3140,3140,29-1181,1
3150,3150,29-1122,1
3160,3160,29-1123,1
3200,3200,29-1124,1
3210,3210,29-1125,1
3220,3220,29-1126,1
3230,3230,29-1127,1
3235,3235,29-1128,1
3245,3245,29-1129,1
3250,3250,29-1131,1
3255,3255,29-1141,1
3256,3256,29-1151,1
3257,3257,29-1161,1
3258,3258,29-1171,1
3260,3261 3270,29-1291 29-1299,2
3300,3300,29-2011 29-2012,2
3310,3310,29-1292,1
3320,3321 3322 3323 3324 3330,29-2031 29-2032 29-2033 29-2034 29-2035 29-2036,6
3400,3401 3402,29-2042 29-2043,2
3420,3421 3422 3423 3424 3430 3545,29-2051 29-2052 29-2053 29-2055 29-2056 29-2057 29-2091 29-2092 29-2099,9
3500,3500,29-2061,1
3510,3515 3550,29-2072 29-9021 29-9091 29-9092 29-9093 29-9099,6
3520,3520,29-2081,1
3535,3545,29-2091 29-2092 29-2099,3
3540,1980 3550,19-5011 19-5012 29-9021 29-9091 29-9092 29-9093 29-9099,7
3600,3601 3603 3605,31-1121 31-1131 31-1132 31-1133,4
3610,3610,31-2011 31-2012,2
3620,3620,31-2021 31-2022,2
3630,3630,31-9011,1
3640,3640,31-9091,1
3645,3645,31-9092,1
3646,3646,31-9094,1
3647,3647,31-9095,1
3648,3648,31-9096,1
3649,3649,31-9097,1
3655,3655,31-9093 31-9099,2
3700,3700,33-1011,1
3710,3710,33-1012,1
3720,3720,33-1021,1
3730,3725 3735,33-1091 33-1099,2
3740,3740,33-2011,1
3750,3750,33-2021 33-2022,2
3800,3801 3802,33-3011 33-3012,2
3820,3820,33-3021,1
3830,3830,33-3031,1
3840,3840,33-3041,1
3850,3870,33-3051 33-3052,2
3860,3870,33-3051 33-3052,2
3900,3900,33-9011,1
3910,3910,33-9021,1
3930,3930,33-9031 33-9032,2
3940,3940,33-9091,1
3945,3945,33-9093,1
3955,3946 3960,33-9092 33-9094 33-9099,3
4000,4000,35-1011,1
4010,4010,35-1012,1
4020,4020,35-2011 35-2012 35-2013 35-2014 35-2015 35-2019,6
4030,4030,35-2021,1
4040,4040,35-3011,1
4050,4055,35-3023,1
4060,4055,35-3023,1
4110,4110,35-3031,1
4120,4120,35-3041,1
4130,4130,35-9011,1
4140,4140,35-9021,1
4150,4150,35-9031,1
4160,4160,35-9099,1
4200,4200,37-1011,1
4210,4210,37-1012,1
4220,4220,37-2011 37-2019,2
4230,4230,37-2012,1
4240,4240,37-2021,1
4250,4251 4252 4255,37-3011 37-3012 37-3013 37-3019,4
4300,4330,39-1013 39-1014 39-1022,3
4320,4330 9005,39-1013 39-1014 39-1022 53-1041 53-1042 53-1043 53-1044 53-1049,8
4340,4340,39-2011,1
4350,4350,39-2021,1
4400,4400,39-3011 39-3012 39-3019,3
4410,4435,39-3021 39-3091 39-3092 39-3093 39-3099,5
4420,4420,39-3031,1
4430,4435,39-3021 39-3091 39-3092 39-3093 39-3099,5
4460,4461,39-4011 39-4012 39-4021,3
4465,4465,39-4031,1
4500,4500,39-5011,1
4510,4510,39-5012,1
4520,4521 4522 4525,39-5091 39-5092 39-5093 39-5094,4
4530,4530,39-6011 39-6012,2
4540,4540,39-7011 39-7012,2
4600,4600,39-9011,1
4610,3602,31-1122,1
4620,4621 4622,39-9031 39-9032,2
4640,4640,39-9041,1
4650,4461 4655,39-4011 39-4012 39-4021 39-9099,4
4700,4700,41-1011,1
4710,4710,41-1012,1
4720,4720,41-2011 41-2012,2
4740,4740,41-2021,1
4750,4750,41-2022,1
4760,4760,41-2031,1
4800,4800,41-3011,1
4810,4810,41-3021,1
4820,4820,41-3031,1
4830,4830,41-3041,1
4840,4840,41-3091,1
4850,4850,41-4011 41-4012,2
4900,4900,41-9011 41-9012,2
4920,4920,41-9021 41-9022,2
4930,4930,41-9031,1
4940,4940,41-9041,1
4950,4950,41-9091,1
4965,4965,41-9099,1
5000,5000,43-1011,1
5010,5010,43-2011,1
5020,5020,43-2021,1
5030,5040,43-2099,1
5100,5100,43-3011,1
5110,5110,43-3021,1
5120,5120,43-3031,1
5130,5130,43-3041,1
5140,5140,43-3051,1
5150,5150,43-3061,1
5160,5160,43-3071,1
5165,5165,43-3099,1
5200,5200,43-4011,1
5210,5210,43-4021,1
5220,5220,43-4031,1
5230,5230,43-4041,1
5240,5240,43-4051,1
5250,5250,43-4061,1
5260,5260,43-4071,1
5300,5300,43-4081,1
5310,5310,43-4111,1
5320,5320,43-4121,1
5330,5330,43-4131,1
5340,5340,43-4141,1
5350,5350,43-4151,1
5360,5360,43-4161,1
5400,5400,43-4171,1
5410,5410,43-4181,1
5420,5420,43-4199,1
5500,5500,43-5011,1
5510,5510,43-5021,1
5520,5521 5522,43-5031 43-5032,2
5530,5530,43-5041,1
5540,5540,43-5051,1
5550,5550,43-5052,1
5560,5560,43-5053,1
5600,5600,43-5061,1
5610,5610,43-5071,1
5620,9645,53-7065,1
5630,5630,43-5111,1
5700,5710 5720 5730 5740,43-6011 43-6012 43-6013 43-6014,4
5800,1108,15-1299,1
5810,5810,43-9021,1
5820,5820,43-9022,1
5830,5830,43-9031,1
5840,5840,43-9041,1
5850,5850,43-9051,1
5860,5860,43-9061,1
5900,5900,43-9071,1
5910,5910,43-9081,1
5920,5920,43-9111,1
5940,5940,43-9199,1
6005,6005,45-1011,1
6010,6010,45-2011,1
6020,6020,45-2021,1
6040,6040,45-2041,1
6050,6050,45-2091 45-2092 45-2093 45-2099,4
6100,6115,45-3031,1
6110,6115,45-3031,1
6120,6120,45-4011,1
6130,6130,45-4021 45-4022 45-4023 45-4029,4
6200,6200,47-1011,1
6210,6210,47-2011,1
6220,6220,47-2021 47-2022,2
6230,6230,47-2031,1
6240,6240,47-2041 47-2042 47-2043 47-2044,4
6250,6250,47-2051 47-2053,2
6260,6260,47-2061,1
6300,6305,47-2071 47-2072 47-2073,3
6310,6305,47-2071 47-2072 47-2073,3
6320,6305,47-2071 47-2072 47-2073,3
6330,6330,47-2081 47-2082,2
6355,6355,47-2111,1
6360,6360,47-2121,1
6400,6400,47-2131 47-2132,2
6420,6410,47-2141 47-2142,2
6430,6410,47-2141 47-2142,2
6440,6441 6442,47-2151 47-2152,2
6460,6460,47-2161,1
6500,6500,47-2171,1
6515,6515,47-2181,1
6520,6520,47-2211,1
6530,6530,47-2221,1
6540,6540,47-2231,1
6600,6600,47-3011 47-3012 47-3013 47-3014 47-3015 47-3016 47-3019,7
6660,6660,47-4011,1
6700,6700,47-4021,1
6710,6710,47-4031,1
6720,6720,47-4041,1
6730,6730,47-4051,1
6740,6740,47-4061,1
6750,6750,47-4071,1
6765,6765,47-4091 47-4099,2
6800,6800,47-5011 47-5012 47-5013,3
6820,6825 6835,47-5023 47-5032,2
6830,6835,47-5032,1
6840,6850 6950,47-5041 47-5043 47-5044 47-5049 47-5051 47-5081 47-5099,7
6910,6850,47-5041 47-5043 47-5044 47-5049,4
6920,6920,47-5071,1
6930,6950,47-5051 47-5081 47-5099,3
6940,6950,47-5051 47-5081 47-5099,3
7000,7000,49-1011,1
7010,7010,49-2011,1
7020,7020,49-2021 49-2022,2
7030,7030,49-2091,1
7040,7040,49-2092,1
7050,7050,49-2093,1
7100,7100,49-2094 49-2095,2
7110,7110,49-2096,1
7120,7120,49-2097,1
7130,7130,49-2098,1
7140,7140,49-3011,1
7150,7150,49-3021,1
7160,7160,49-3022,1
7200,7200,49-3023,1
7210,7210,49-3031,1
7220,7220,49-3041 49-3042 49-3043,3
7240,7240,49-3051 49-3052 49-3053,3
7260,7260,49-3091 49-3092 49-3093,3
7300,7300,49-9011 49-9012,2
7315,7315,49-9021,1
7320,7320,49-9031,1
7330,7330,49-9041 49-9045,2
7340,7340,49-9071,1
7350,7350,49-9043,1
7360,7360,49-9044,1
7410,7410,49-9051,1
7420,7420,49-9052,1
7430,7430,49-9061 49-9062 49-9063 49-9064 49-9069,5
7440,7440,49-9081,1
7510,7510,49-9091,1
7520,7520,49-9092,1
7540,7540,49-9094,1
7550,7550,49-9095,1
7560,7560,49-9096,1
7600,7640,49-9097 49-9099,2
7610,7610,49-9098,1
7630,7640,49-9097 49-9099,2
7700,7700,51-1011,1
7710,7710,51-2011,1
7720,7720,51-2021 51-2022 51-2023,3
7730,7730,51-2031,1
7740,7740,51-2041,1
7750,7750,51-2051 51-2061 51-2092 51-2099,4
7800,7800,51-3011,1
7810,7810,51-3021 51-3022 51-3023,3
7830,7830,51-3091,1
7840,7840,51-3092,1
7850,7850,51-3093,1
7855,7855,51-3099,1
7900,7905,51-9161 51-9162,2
7920,7925,51-4021 51-4022 51-4023,3
7930,7925,51-4021 51-4022 51-4023,3
7940,7925,51-4021 51-4022 51-4023,3
7950,7950,51-4031,1
7960,8025,51-4032 51-4034 51-4035,3
8000,8000,51-4033,1
8010,8025,51-4032 51-4034 51-4035,3
8020,8025,51-4032 51-4034 51-4035,3
8030,8030,51-4041,1
8040,8040,51-4051 51-4052,2
8060,8060,51-4061 51-4062,2
8100,8100,51-4071 51-4072,2
8120,8225,51-4081 51-4191 51-4192 51-4193 51-4194 51-4199,6
8130,8130,51-4111,1
8140,8140,51-4121 51-4122,2
8150,8225,51-4081 51-4191 51-4192 51-4193 51-4194 51-4199,6
8160,8225,51-4081 51-4191 51-4192 51-4193 51-4194 51-4199,6
8200,8225,51-4081 51-4191 51-4192 51-4193 51-4194 51-4199,6
8210,8225,51-4081 51-4191 51-4192 51-4193 51-4194 51-4199,6
8220,8225,51-4081 51-4191 51-4192 51-4193 51-4194 51-4199,6
8250,8250,51-5111,1
8255,8255,51-5112,1
8256,8256,51-5113,1
8300,8300,51-6011,1
8310,8310,51-6021,1
8320,8320,51-6031,1
8330,8335,51-6041 51-6042,2
8340,8335,51-6041 51-6042,2
8350,8350,51-6051 51-6052,2
8360,8365,51-6061 51-6062 51-6063 51-6064,4
8400,8365,51-6061 51-6062 51-6063 51-6064,4
8410,8365,51-6061 51-6062 51-6063 51-6064,4
8420,8365,51-6061 51-6062 51-6063 51-6064,4
8430,8465,51-6091 51-6092 51-6099,3
8440,8465,51-6091 51-6092 51-6099,3
8450,8450,51-6093,1
8460,8465,51-6091 51-6092 51-6099,3
8500,8500,51-7011,1
8510,8510,51-7021,1
8520,8555,51-7031 51-7032 51-7099,3
8530,8530,51-7041,1
8540,8540,51-7042,1
8550,8555,51-7031 51-7032 51-7099,3
8600,8600,51-8011 51-8012 51-8013,3
8610,8610,51-8021,1
8620,8620,51-8031,1
8630,8630,51-8091 51-8092 51-8093 51-8099,4
8640,8640,51-9011 51-9012,2
8650,8650,51-9021 51-9022 51-9023,3
8710,8710,51-9031 51-9032,2
8720,8720,51-9041,1
8730,8730,51-9051,1
8740,8740,51-9061,1
8750,8750,51-9071,1
8760,8760,51-9081 51-9082 51-9083,3
8800,8800,51-9111,1
8810,8810,51-9123 51-9124,2
8830,8830,51-9151,1
8840,8990,51-9141 51-9199,2
8850,8850,51-9191,1
8860,8865,51-9192 51-9193,2
8900,8865,51-9192 51-9193,2
8910,8910,51-9194,1
8920,8920,51-9195,1
8930,8930,51-9196,1
8940,8940,51-9197,1
8950,8950,51-9198,1
8965,7905 8990,51-9141 51-9161 51-9162 51-9199,4
9000,9005,53-1041 53-1042 53-1043 53-1044 53-1049,5
9030,9030,53-2011 53-2012,2
9040,9040,53-2021 53-2022,2
9050,9050,53-2031,1
9110,9110,53-3011,1
9120,9121 9122 9141,53-3051 53-3052 53-3053,3
9130,9130,53-3031 53-3032 53-3033,3
9140,9141 9142,53-3053 53-3054,2
9150,9150,53-3099,1
9200,9210 9265,53-4011 53-4013 53-4022 53-4041 53-4099,5
9230,9265,53-4022 53-4041 53-4099,3
9240,9240,53-4031,1
9260,9265,53-4022 53-4041 53-4099,3
9300,9300,53-5011,1
9310,9310,53-5021 53-5022,2
9330,9330,53-5031,1
9340,9430,53-6011 53-6041 53-6099,3
9350,9350,53-6021,1
9360,9365,53-6031 53-6032,2
9410,9410,53-6051,1
9415,9415,53-6061,1
9420,9365 9430,53-6011 53-6031 53-6032 53-6041 53-6099,5
9500,9570,53-7011 53-7031 53-7041,3
9510,9510,53-7021,1
9520,6821 6850 9570 9760,47-5022 47-5041 47-5043 47-5044 47-5049 53-7011 53-7031 53-7041 53-7121 53-7199,10
9560,9570,53-7011 53-7031 53-7041,3
9600,9600,53-7051,1
9610,9610,53-7061,1
9620,9620,53-7062,1
9630,9630,53-7063,1
9640,9640,53-7064,1
9650,9650,53-7071 53-7072 53-7073,3
9720,9720,53-7081,1
9730,6850,47-5041 47-5043 47-5044 47-5049,4
9740,9760,53-7121 53-7199,2
9750,9760,53-7121 53-7199,2
9800,9800,55-1011 55-1012 55-1013 55-1014 55-1015 55-1016 55-1017 55-1019,8
9810,9810,55-2011 55-2012 55-2013,3
9820,1555 9825,17-3021 17-3022 17-3024 17-3025 17-3026 17-3027 17-3028 17-3029 55-3011 55-3012 55-3013 55-3014 55-3015 55-3016 55-3018 55-3019,16
9830,9830,,0
9920,9920,,0
